record_type,source_artifact_path,source_id,benchmark_id,search_id,candidate_id,qualified_id,interface_id,class_label,current_quotient_size,predictive_quotient_size,max_fiber_size,witness_count,discrepancy_metric_value,loop_action_score_current_quotient,loop_action_score_predictive_quotient,survival_fraction,threshold,meets_threshold,support_size,interface_count,carrier_family,route_update_family,observable_family,continuation_catalog_family,flat_count,dissipative_count,coherent_candidate_count,nonflat_count,shortlist_count,cluster_id,distinctness_kind
benchmark_interface,artifacts/results/flat_control.result.json,flat_control:mid,flat_control,,,,mid,flat,1,1,1,0,0.0,0.0,0.0,,,,,,,,,,,,,,,,
benchmark_interface,artifacts/results/protocol_trap_naive.result.json,protocol_trap_naive:mid,protocol_trap_naive,,,,mid,artifact_trap,1,2,2,1,1.0,0.0,0.0,,,,,,,,,,,,,,,,
benchmark_interface,artifacts/results/protocol_trap_honest.result.json,protocol_trap_honest:mid,protocol_trap_honest,,,,mid,flat,1,1,1,0,0.0,0.0,0.0,,,,,,,,,,,,,,,,
benchmark_interface,artifacts/results/flattenable_raw.result.json,flattenable_raw:mid,flattenable_raw,,,,mid,flattenable,1,2,2,1,1.0,0.0,0.0,,,,,,,,,,,,,,,,
benchmark_interface,artifacts/results/flattenable_completed.result.json,flattenable_completed:mid,flattenable_completed,,,,mid,flat,1,1,1,0,0.0,0.0,0.0,,,,,,,,,,,,,,,,
benchmark_interface,artifacts/results/latent_memory_base.result.json,latent_memory_base:mid,latent_memory_base,,,,mid,explicit_latent,1,2,2,1,1.0,0.0,0.0,,,,,,,,,,,,,,,,
benchmark_interface,artifacts/results/latent_memory_refined.result.json,latent_memory_refined:mid,latent_memory_refined,,,,mid,flat,2,2,1,0,0.0,0.0,0.0,,,,,,,,,,,,,,,,
benchmark_interface,artifacts/results/dissipative_memory.result.json,dissipative_memory:mid,dissipative_memory,,,,mid,dissipative,1,2,2,1,1.0,0.0,0.0,,,,,,,,,,,,,,,,
benchmark_interface,artifacts/results/dissipative_memory.result.json,dissipative_memory:end,dissipative_memory,,,,end,flat,1,1,1,0,0.0,0.0,0.0,,,,,,,,,,,,,,,,
benchmark_interface,artifacts/results/memory_wheel.result.json,memory_wheel:mid,memory_wheel,,,,mid,coherent_candidate,1,2,2,1,1.0,0.0,1.0,,,,,,,,,,,,,,,,
benchmark_robustness,artifacts/results/robustness/flat_control.robustness.json,flat_control,flat_control,,,,,,,,,,,,,1.0,0.95,True,,,,,,,,,,,,,
benchmark_robustness,artifacts/results/robustness/protocol_trap_honest.robustness.json,protocol_trap_honest,protocol_trap_honest,,,,,,,,,,,,,1.0,0.95,True,,,,,,,,,,,,,
benchmark_robustness,artifacts/results/robustness/flattenable_completed.robustness.json,flattenable_completed,flattenable_completed,,,,,,,,,,,,,1.0,0.8,True,,,,,,,,,,,,,
benchmark_robustness,artifacts/results/robustness/latent_memory_base.robustness.json,latent_memory_base,latent_memory_base,,,,,,,,,,,,,1.0,0.8,True,,,,,,,,,,,,,
benchmark_robustness,artifacts/results/robustness/latent_memory_refined.robustness.json,latent_memory_refined,latent_memory_refined,,,,,,,,,,,,,1.0,0.8,True,,,,,,,,,,,,,
benchmark_robustness,artifacts/results/robustness/dissipative_memory.robustness.json,dissipative_memory,dissipative_memory,,,,,,,,,,,,,1.0,0.8,True,,,,,,,,,,,,,
benchmark_robustness,artifacts/results/robustness/memory_wheel.robustness.json,memory_wheel,memory_wheel,,,,,,,,,,,,,1.0,0.8,True,,,,,,,,,,,,,
benchmark_robustness,artifacts/results/robustness/core_suite.robustness.json,core_suite,core_suite,,,,,,,,,,,,,1.0,1.0,True,,,,,,,,,,,,,
discovery_candidate,artifacts/results/discovery/fixed_support_core_small.atlas.json,fixed_support_core_small:cand_0000,,fixed_support_core_small,cand_0000,fixed_support_core_small:cand_0000,i0,flat,2,2,1,0,0.0,0.0,0.0,,,,2,2,none,identity_only,support_indicator_basis,forward_only,,,,,,,
discovery_candidate,artifacts/results/discovery/fixed_support_core_small.atlas.json,fixed_support_core_small:cand_0001,,fixed_support_core_small,cand_0001,fixed_support_core_small:cand_0001,i0,flat,2,2,1,0,0.0,0.0,0.0,,,,2,2,none,identity_only,coarse_support_only,forward_only,,,,,,,
discovery_candidate,artifacts/results/discovery/fixed_support_core_small.atlas.json,fixed_support_core_small:cand_0002,,fixed_support_core_small,cand_0002,fixed_support_core_small:cand_0002,i0,flat,2,2,1,0,0.0,0.0,0.0,,,,2,2,none,binary_swap,support_indicator_basis,forward_only,,,,,,,
discovery_candidate,artifacts/results/discovery/fixed_support_core_small.atlas.json,fixed_support_core_small:cand_0003,,fixed_support_core_small,cand_0003,fixed_support_core_small:cand_0003,i0,flat,2,2,1,0,0.0,0.0,0.0,,,,2,2,none,binary_swap,coarse_support_only,forward_only,,,,,,,
discovery_candidate,artifacts/results/discovery/cyclic_memory_small.atlas.json,cyclic_memory_small:cand_0000,,cyclic_memory_small,cand_0000,cyclic_memory_small:cand_0000,i0,coherent_candidate,1,2,2,1,1.0,0.0,1.0,,,,2,2,cyclic_z2,binary_swap,support_indicator_basis,forward_plus_loop,,,,,,,
discovery_candidate,artifacts/results/discovery/cyclic_memory_small.atlas.json,cyclic_memory_small:cand_0001,,cyclic_memory_small,cand_0001,cyclic_memory_small:cand_0001,i0,coherent_candidate,1,2,2,1,1.0,0.0,1.0,,,,2,2,cyclic_z2,binary_swap,support_indicator_basis,two_step_with_loop,,,,,,,
discovery_candidate,artifacts/results/discovery/cyclic_memory_small.atlas.json,cyclic_memory_small:cand_0002,,cyclic_memory_small,cand_0002,cyclic_memory_small:cand_0002,i0,coherent_candidate,1,2,2,1,1.0,0.0,1.0,,,,2,2,cyclic_z2,cyclic_shift,support_indicator_basis,forward_plus_loop,,,,,,,
discovery_candidate,artifacts/results/discovery/cyclic_memory_small.atlas.json,cyclic_memory_small:cand_0003,,cyclic_memory_small,cand_0003,cyclic_memory_small:cand_0003,i0,coherent_candidate,1,2,2,1,1.0,0.0,1.0,,,,2,2,cyclic_z2,cyclic_shift,support_indicator_basis,two_step_with_loop,,,,,,,
discovery_candidate,artifacts/results/discovery/cyclic_memory_small.atlas.json,cyclic_memory_small:cand_0004,,cyclic_memory_small,cand_0004,cyclic_memory_small:cand_0004,i0,coherent_candidate,1,2,2,1,1.0,0.0,1.0,,,,2,2,cyclic_z3,binary_swap,support_indicator_basis,forward_plus_loop,,,,,,,
discovery_candidate,artifacts/results/discovery/cyclic_memory_small.atlas.json,cyclic_memory_small:cand_0005,,cyclic_memory_small,cand_0005,cyclic_memory_small:cand_0005,i0,coherent_candidate,1,2,2,1,1.0,0.0,1.0,,,,2,2,cyclic_z3,binary_swap,support_indicator_basis,two_step_with_loop,,,,,,,
discovery_candidate,artifacts/results/discovery/cyclic_memory_small.atlas.json,cyclic_memory_small:cand_0006,,cyclic_memory_small,cand_0006,cyclic_memory_small:cand_0006,i0,coherent_candidate,1,2,2,1,1.0,0.0,1.0,,,,2,2,cyclic_z3,cyclic_shift,support_indicator_basis,forward_plus_loop,,,,,,,
discovery_candidate,artifacts/results/discovery/cyclic_memory_small.atlas.json,cyclic_memory_small:cand_0007,,cyclic_memory_small,cand_0007,cyclic_memory_small:cand_0007,i0,coherent_candidate,1,2,2,1,1.0,0.0,1.0,,,,2,2,cyclic_z3,cyclic_shift,support_indicator_basis,two_step_with_loop,,,,,,,
discovery_candidate,artifacts/results/discovery/groupoid_probe_small.atlas.json,groupoid_probe_small:cand_0000,,groupoid_probe_small,cand_0000,groupoid_probe_small:cand_0000,i0,coherent_candidate,2,3,2,1,1.0,0.0,0.0,,,,2,2,cyclic_z2,binary_swap,support_indicator_basis,forward_plus_loop,,,,,,,
discovery_candidate,artifacts/results/discovery/groupoid_probe_small.atlas.json,groupoid_probe_small:cand_0001,,groupoid_probe_small,cand_0001,groupoid_probe_small:cand_0001,i0,coherent_candidate,2,3,2,1,1.0,0.0,0.0,,,,2,2,cyclic_z2,binary_swap,paired_partition,forward_plus_loop,,,,,,,
discovery_candidate,artifacts/results/discovery/groupoid_probe_small.atlas.json,groupoid_probe_small:cand_0002,,groupoid_probe_small,cand_0002,groupoid_probe_small:cand_0002,i0,flat,2,2,1,0,0.0,0.0,0.0,,,,2,2,cyclic_z2,merge_to_sink,support_indicator_basis,forward_plus_loop,,,,,,,
discovery_candidate,artifacts/results/discovery/groupoid_probe_small.atlas.json,groupoid_probe_small:cand_0003,,groupoid_probe_small,cand_0003,groupoid_probe_small:cand_0003,i0,flat,2,2,1,0,0.0,0.0,0.0,,,,2,2,cyclic_z2,merge_to_sink,paired_partition,forward_plus_loop,,,,,,,
discovery_candidate,artifacts/results/discovery/groupoid_probe_small.atlas.json,groupoid_probe_small:cand_0004,,groupoid_probe_small,cand_0004,groupoid_probe_small:cand_0004,i0,coherent_candidate,2,3,2,1,1.0,0.0,0.0,,,,2,2,pair_groupoid_2,binary_swap,support_indicator_basis,forward_plus_loop,,,,,,,
discovery_candidate,artifacts/results/discovery/groupoid_probe_small.atlas.json,groupoid_probe_small:cand_0005,,groupoid_probe_small,cand_0005,groupoid_probe_small:cand_0005,i0,coherent_candidate,2,3,2,1,1.0,0.0,0.0,,,,2,2,pair_groupoid_2,binary_swap,paired_partition,forward_plus_loop,,,,,,,
discovery_candidate,artifacts/results/discovery/groupoid_probe_small.atlas.json,groupoid_probe_small:cand_0006,,groupoid_probe_small,cand_0006,groupoid_probe_small:cand_0006,i0,flat,2,2,1,0,0.0,0.0,0.0,,,,2,2,pair_groupoid_2,merge_to_sink,support_indicator_basis,forward_plus_loop,,,,,,,
discovery_candidate,artifacts/results/discovery/groupoid_probe_small.atlas.json,groupoid_probe_small:cand_0007,,groupoid_probe_small,cand_0007,groupoid_probe_small:cand_0007,i0,flat,2,2,1,0,0.0,0.0,0.0,,,,2,2,pair_groupoid_2,merge_to_sink,paired_partition,forward_plus_loop,,,,,,,
discovery_shortlist_candidate,artifacts/results/discovery/cyclic_memory_small.shortlist.json,cyclic_memory_small:cand_0000,,cyclic_memory_small,cand_0000,cyclic_memory_small:cand_0000,i0,coherent_candidate,,,,1,1.0,,1.0,,,,,,,,,,,,,,,,
discovery_shortlist_candidate,artifacts/results/discovery/cyclic_memory_small.shortlist.json,cyclic_memory_small:cand_0001,,cyclic_memory_small,cand_0001,cyclic_memory_small:cand_0001,i0,coherent_candidate,,,,1,1.0,,1.0,,,,,,,,,,,,,,,,
discovery_shortlist_candidate,artifacts/results/discovery/cyclic_memory_small.shortlist.json,cyclic_memory_small:cand_0002,,cyclic_memory_small,cand_0002,cyclic_memory_small:cand_0002,i0,coherent_candidate,,,,1,1.0,,1.0,,,,,,,,,,,,,,,,
discovery_shortlist_candidate,artifacts/results/discovery/cyclic_memory_small.shortlist.json,cyclic_memory_small:cand_0006,,cyclic_memory_small,cand_0006,cyclic_memory_small:cand_0006,i0,coherent_candidate,,,,1,1.0,,1.0,,,,,,,,,,,,,,,,
discovery_shortlist_candidate,artifacts/results/discovery/groupoid_probe_small.shortlist.json,groupoid_probe_small:cand_0000,,groupoid_probe_small,cand_0000,groupoid_probe_small:cand_0000,i0,coherent_candidate,,,,1,1.0,,0.0,,,,,,,,,,,,,,,,
discovery_shortlist_candidate,artifacts/results/discovery/groupoid_probe_small.shortlist.json,groupoid_probe_small:cand_0001,,groupoid_probe_small,cand_0001,groupoid_probe_small:cand_0001,i0,coherent_candidate,,,,1,1.0,,0.0,,,,,,,,,,,,,,,,
discovery_shortlist_candidate,artifacts/results/discovery/groupoid_probe_small.shortlist.json,groupoid_probe_small:cand_0004,,groupoid_probe_small,cand_0004,groupoid_probe_small:cand_0004,i0,coherent_candidate,,,,1,1.0,,0.0,,,,,,,,,,,,,,,,
discovery_shortlist_robustness,artifacts/results/discovery/cyclic_memory_small.shortlist_robustness.json,cyclic_memory_small:cand_0000,,cyclic_memory_small,cand_0000,cyclic_memory_small:cand_0000,i0,coherent_candidate,,,,1,1.0,,1.0,0.5,0.5,True,,,,,,,,,,,,,
discovery_shortlist_robustness,artifacts/results/discovery/cyclic_memory_small.shortlist_robustness.json,cyclic_memory_small:cand_0001,,cyclic_memory_small,cand_0001,cyclic_memory_small:cand_0001,i0,coherent_candidate,,,,1,1.0,,1.0,0.625,0.5,True,,,,,,,,,,,,,
discovery_shortlist_robustness,artifacts/results/discovery/cyclic_memory_small.shortlist_robustness.json,cyclic_memory_small:cand_0002,,cyclic_memory_small,cand_0002,cyclic_memory_small:cand_0002,i0,coherent_candidate,,,,1,1.0,,1.0,0.5,0.5,True,,,,,,,,,,,,,
discovery_shortlist_robustness,artifacts/results/discovery/cyclic_memory_small.shortlist_robustness.json,cyclic_memory_small:cand_0006,,cyclic_memory_small,cand_0006,cyclic_memory_small:cand_0006,i0,coherent_candidate,,,,1,1.0,,1.0,0.75,0.5,True,,,,,,,,,,,,,
discovery_space,artifacts/results/discovery/multi_space.discovery.json,fixed_support_core_small,,fixed_support_core_small,,,,,,,,,,,,,,,,,,,,,4,0,0,0,0,,
discovery_space,artifacts/results/discovery/multi_space.discovery.json,cyclic_memory_small,,cyclic_memory_small,,,,,,,,,,,,,,,,,,,,,0,0,8,8,4,,
discovery_space,artifacts/results/discovery/multi_space.discovery.json,groupoid_probe_small,,groupoid_probe_small,,,,,,,,,,,,,,,,,,,,,4,0,4,4,3,,
discovery_promoted_exemplar,artifacts/results/discovery/promoted_exemplars.json,cyclic_memory_small:cand_0006,,cyclic_memory_small,cand_0006,cyclic_memory_small:cand_0006,i0,coherent_candidate,,,,,1.0,,1.0,0.75,0.5,True,,,,,,,,,,,,cluster_003,singleton
discovery_promoted_exemplar,artifacts/results/discovery/promoted_exemplars.json,cyclic_memory_small:cand_0001,,cyclic_memory_small,cand_0001,cyclic_memory_small:cand_0001,i0,coherent_candidate,,,,,1.0,,1.0,0.625,0.5,True,,,,,,,,,,,,cluster_001,singleton
discovery_dedup_member,artifacts/tables/discovery_multi_space_dedup.csv,cyclic_memory_small:cand_0000,,cyclic_memory_small,cand_0000,cyclic_memory_small:cand_0000,i0,coherent_candidate,1,2,2,1,1.0,0.0,1.0,,,,2,2,cyclic_z2,binary_swap,support_indicator_basis,forward_plus_loop,,,,,,cluster_000,singleton
discovery_dedup_member,artifacts/tables/discovery_multi_space_dedup.csv,cyclic_memory_small:cand_0001,,cyclic_memory_small,cand_0001,cyclic_memory_small:cand_0001,i0,coherent_candidate,1,2,2,1,1.0,0.0,1.0,,,,2,2,cyclic_z2,binary_swap,support_indicator_basis,two_step_with_loop,,,,,,cluster_001,singleton
discovery_dedup_member,artifacts/tables/discovery_multi_space_dedup.csv,cyclic_memory_small:cand_0002,,cyclic_memory_small,cand_0002,cyclic_memory_small:cand_0002,i0,coherent_candidate,1,2,2,1,1.0,0.0,1.0,,,,2,2,cyclic_z2,cyclic_shift,support_indicator_basis,forward_plus_loop,,,,,,cluster_002,singleton
discovery_dedup_member,artifacts/tables/discovery_multi_space_dedup.csv,cyclic_memory_small:cand_0006,,cyclic_memory_small,cand_0006,cyclic_memory_small:cand_0006,i0,coherent_candidate,1,2,2,1,1.0,0.0,1.0,,,,2,2,cyclic_z3,cyclic_shift,support_indicator_basis,forward_plus_loop,,,,,,cluster_003,singleton
discovery_dedup_member,artifacts/tables/discovery_multi_space_dedup.csv,groupoid_probe_small:cand_0000,,groupoid_probe_small,cand_0000,groupoid_probe_small:cand_0000,i0,coherent_candidate,2,3,2,1,1.0,0.0,0.0,,,,2,2,cyclic_z2,binary_swap,support_indicator_basis,forward_plus_loop,,,,,,cluster_004,singleton
discovery_dedup_member,artifacts/tables/discovery_multi_space_dedup.csv,groupoid_probe_small:cand_0001,,groupoid_probe_small,cand_0001,groupoid_probe_small:cand_0001,i0,coherent_candidate,2,3,2,1,1.0,0.0,0.0,,,,2,2,cyclic_z2,binary_swap,paired_partition,forward_plus_loop,,,,,,cluster_005,singleton
discovery_dedup_member,artifacts/tables/discovery_multi_space_dedup.csv,groupoid_probe_small:cand_0004,,groupoid_probe_small,cand_0004,groupoid_probe_small:cand_0004,i0,coherent_candidate,2,3,2,1,1.0,0.0,0.0,,,,2,2,pair_groupoid_2,binary_swap,support_indicator_basis,forward_plus_loop,,,,,,cluster_006,singleton
discovery_promotion_robustness,artifacts/results/discovery/groupoid_probe_small.cand_0000.promotion_robustness.json,groupoid_probe_small:cand_0000,,groupoid_probe_small,cand_0000,groupoid_probe_small:cand_0000,i0,coherent_candidate,,,,,,,,0.0,0.5,False,,,,,,,,,,,,,
discovery_promotion_robustness,artifacts/results/discovery/groupoid_probe_small.cand_0001.promotion_robustness.json,groupoid_probe_small:cand_0001,,groupoid_probe_small,cand_0001,groupoid_probe_small:cand_0001,i0,coherent_candidate,,,,,,,,0.0,0.5,False,,,,,,,,,,,,,
discovery_promotion_robustness,artifacts/results/discovery/groupoid_probe_small.cand_0004.promotion_robustness.json,groupoid_probe_small:cand_0004,,groupoid_probe_small,cand_0004,groupoid_probe_small:cand_0004,i0,coherent_candidate,,,,,,,,0.0,0.5,False,,,,,,,,,,,,,
